1,2,Algebra Notes Chapter 1,Mathematics,materials/math_ch1.pdf,10A
2,2,Algebra Notes Chapter 2,Mathematics,materials/math_ch2.pdf,10A
3,3,Grammar Guide,English,materials/eng_grammar.pdf,10A
4,3,Comprehension Passages,English,materials/eng_comp.pdf,10B
5,4,Physics Formula Sheet,Physics,materials/phy_formulas.pdf,10A
6,5,Biology Diagrams Pack,Biology,materials/bio_diagrams.pdf,10B
7,2,Calculus Basics,Mathematics,materials/math_calc.pdf,11A
8,6,History Timeline,History,materials/hist_timeline.pdf,11A
9,4,Wave Optics Notes,Physics,materials/phy_waves.pdf,11A
10,5,DNA and Genetics Notes,Biology,materials/bio_dna.pdf,11A
