1000,p.amoah1,9c3efbd6ee1e9dbb,Mr./Mrs. Amoah,1
1001,p.antwi2,9c3efcd6ee1e9f6e,Mr./Mrs. Antwi,2
1002,p.darko3,9c3efdd6ee1ea121,Mr./Mrs. Darko,3
1003,p.adjei4,9c3efed6ee1ea2d4,Mr./Mrs. Adjei,4
1004,p.quartey5,9c3effd6ee1ea487,Mr./Mrs. Quartey,5
1005,p.boateng6,9c3f00d6ee1ea63a,Mr./Mrs. Boateng,6
1006,p.quaye7,9c3f01d6ee1ea7ed,Mr./Mrs. Quaye,7
1007,p.boateng8,9c3ef2d6ee1e8e70,Mr./Mrs. Boateng,8
1008,p.frimpong9,9c3ef3d6ee1e9023,Mr./Mrs. Frimpong,9
1009,p.poku10,9c4280d6ee21b591,Mr./Mrs. Poku,10
1010,p.rockson11,9c427fd6ee21b3de,Mr./Mrs. Rockson,11
1011,p.amoah12,9c427ed6ee21b22b,Mr./Mrs. Amoah,12
1012,p.quartey13,9c427dd6ee21b078,Mr./Mrs. Quartey,13
1013,p.amoah14,9c4284d6ee21bc5d,Mr./Mrs. Amoah,14
1014,p.quaye15,9c4283d6ee21baaa,Mr./Mrs. Quaye,15
1015,p.darko16,9c4282d6ee21b8f7,Mr./Mrs. Darko,16
1016,p.nkrumah17,9c4281d6ee21b744,Mr./Mrs. Nkrumah,17
1017,p.larbi18,9c4278d6ee21a7f9,Mr./Mrs. Larbi,18
1018,p.acheampong19,9c4277d6ee21a646,Mr./Mrs. Acheampong,19
1019,p.sarkodie20,9c4606d6ee24cf1a,Mr./Mrs. Sarkodie,20
1020,p.owusu21,9c4607d6ee24d0cd,Mr./Mrs. Owusu,21
1021,p.adjei22,9c4604d6ee24cbb4,Mr./Mrs. Adjei,22
1022,p.bonsu23,9c4605d6ee24cd67,Mr./Mrs. Bonsu,23
1023,p.manu24,9c4602d6ee24c84e,Mr./Mrs. Manu,24
1024,p.asante25,9c4603d6ee24ca01,Mr./Mrs. Asante,25
1025,p.antwi26,9c4600d6ee24c4e8,Mr./Mrs. Antwi,26
1026,p.adjei27,9c4601d6ee24c69b,Mr./Mrs. Adjei,27
1027,p.darko28,9c45fed6ee24c182,Mr./Mrs. Darko,28
1028,p.amoah29,9c45ffd6ee24c335,Mr./Mrs. Amoah,29
1029,p.manu30,9c496cd6ee27b243,Mr./Mrs. Manu,30
1030,p.manu31,9c496bd6ee27b090,Mr./Mrs. Manu,31
1031,p.quaye32,9c496ed6ee27b5a9,Mr./Mrs. Quaye,32
1032,p.amoah33,9c496dd6ee27b3f6,Mr./Mrs. Amoah,33
1033,p.tetteh34,9c4970d6ee27b90f,Mr./Mrs. Tetteh,34
1034,p.osei35,9c496fd6ee27b75c,Mr./Mrs. Osei,35
1035,p.sarpong36,9c4972d6ee27bc75,Mr./Mrs. Sarpong,36
1036,p.sarkodie37,9c4971d6ee27bac2,Mr./Mrs. Sarkodie,37
1037,p.antwi38,9c4974d6ee27bfdb,Mr./Mrs. Antwi,38
1038,p.ofori39,9c4973d6ee27be28,Mr./Mrs. Ofori,39
1039,p.asante40,9c4c72d6ee29f24c,Mr./Mrs. Asante,40
1040,p.obeng41,9c4c73d6ee29f3ff,Mr./Mrs. Obeng,41
1041,p.tetteh42,9c4c74d6ee29f5b2,Mr./Mrs. Tetteh,42
1042,p.gyasi43,9c4c75d6ee29f765,Mr./Mrs. Gyasi,43
1043,p.yeboah44,9c4c6ed6ee29eb80,Mr./Mrs. Yeboah,44
1044,p.sarkodie45,9c4c6fd6ee29ed33,Mr./Mrs. Sarkodie,45
1045,p.acheampong46,9c4c70d6ee29eee6,Mr./Mrs. Acheampong,46
1046,p.sarpong47,9c4c71d6ee29f099,Mr./Mrs. Sarpong,47
1047,p.acheampong48,9c4c7ad6ee29ffe4,Mr./Mrs. Acheampong,48
1048,p.quartey49,9c4c7bd6ee2a0197,Mr./Mrs. Quartey,49
1049,p.obeng50,9c4ff8d6ee2d0bd5,Mr./Mrs. Obeng,50
1050,p.antwi51,9c4ff7d6ee2d0a22,Mr./Mrs. Antwi,51
1051,p.yeboah52,9c4ff6d6ee2d086f,Mr./Mrs. Yeboah,52
1052,p.owusu53,9c4ff5d6ee2d06bc,Mr./Mrs. Owusu,53
1053,p.osei54,9c4ff4d6ee2d0509,Mr./Mrs. Osei,54
1054,p.tetteh55,9c4ff3d6ee2d0356,Mr./Mrs. Tetteh,55
1055,p.nkrumah56,9c4ff2d6ee2d01a3,Mr./Mrs. Nkrumah,56
1056,p.sarkodie57,9c4ff1d6ee2cfff0,Mr./Mrs. Sarkodie,57
1057,p.acheampong58,9c5000d6ee2d196d,Mr./Mrs. Acheampong,58
1058,p.mensah59,9c4fffd6ee2d17ba,Mr./Mrs. Mensah,59
1059,p.amoah60,9c537ed6ee30255e,Mr./Mrs. Amoah,60
1060,p.kumi61,9c537fd6ee302711,Mr./Mrs. Kumi,61
1061,p.bonsu62,9c537cd6ee3021f8,Mr./Mrs. Bonsu,62
1062,p.osei63,9c537dd6ee3023ab,Mr./Mrs. Osei,63
1063,p.mensah64,9c5382d6ee302c2a,Mr./Mrs. Mensah,64
1064,p.asare65,9c5383d6ee302ddd,Mr./Mrs. Asare,65
1065,p.darko66,9c5380d6ee3028c4,Mr./Mrs. Darko,66
1066,p.danso67,9c5381d6ee302a77,Mr./Mrs. Danso,67
1067,p.frimpong68,9c5376d6ee3017c6,Mr./Mrs. Frimpong,68
1068,p.manu69,9c5377d6ee301979,Mr./Mrs. Manu,69
1069,p.mensah70,9c5704d6ee333ee7,Mr./Mrs. Mensah,70
1070,p.gyasi71,9c5703d6ee333d34,Mr./Mrs. Gyasi,71
1071,p.boateng72,9c5706d6ee33424d,Mr./Mrs. Boateng,72
1072,p.manu73,9c5705d6ee33409a,Mr./Mrs. Manu,73
1073,p.sarpong74,9c5700d6ee33381b,Mr./Mrs. Sarpong,74
1074,p.sarpong75,9c56ffd6ee333668,Mr./Mrs. Sarpong,75
1075,p.adjei76,9c5702d6ee333b81,Mr./Mrs. Adjei,76
1076,p.yeboah77,9c5701d6ee3339ce,Mr./Mrs. Yeboah,77
1077,p.agyeman78,9c56fcd6ee33314f,Mr./Mrs. Agyeman,78
1078,p.twum79,9c56fbd6ee332f9c,Mr./Mrs. Twum,79
1079,p.osei80,9c23ead6ee07b920,Mr./Mrs. Osei,80
1080,p.quartey81,9c23ebd6ee07bad3,Mr./Mrs. Quartey,81
1081,p.frimpong82,9c23ecd6ee07bc86,Mr./Mrs. Frimpong,82
1082,p.obeng83,9c23edd6ee07be39,Mr./Mrs. Obeng,83
1083,p.manu84,9c23eed6ee07bfec,Mr./Mrs. Manu,84
1084,p.rockson85,9c23efd6ee07c19f,Mr./Mrs. Rockson,85
1085,p.sarpong86,9c23f0d6ee07c352,Mr./Mrs. Sarpong,86
1086,p.tetteh87,9c23f1d6ee07c505,Mr./Mrs. Tetteh,87
1087,p.boateng88,9c23f2d6ee07c6b8,Mr./Mrs. Boateng,88
1088,p.antwi89,9c23f3d6ee07c86b,Mr./Mrs. Antwi,89
1089,p.tetteh90,9c2770d6ee0ad2a9,Mr./Mrs. Tetteh,90
1090,p.ofori91,9c276fd6ee0ad0f6,Mr./Mrs. Ofori,91
1091,p.tetteh92,9c276ed6ee0acf43,Mr./Mrs. Tetteh,92
1092,p.sarpong93,9c276dd6ee0acd90,Mr./Mrs. Sarpong,93
1093,p.yeboah94,9c2774d6ee0ad975,Mr./Mrs. Yeboah,94
1094,p.agyeman95,9c2773d6ee0ad7c2,Mr./Mrs. Agyeman,95
1095,p.twum96,9c2772d6ee0ad60f,Mr./Mrs. Twum,96
1096,p.twum97,9c2771d6ee0ad45c,Mr./Mrs. Twum,97
1097,p.frimpong98,9c2778d6ee0ae041,Mr./Mrs. Frimpong,98
1098,p.darko99,9c2777d6ee0ade8e,Mr./Mrs. Darko,99
1099,p.quartey100,a3a215d6f1f134f3,Mr./Mrs. Quartey,100
1100,p.quartey101,a3a214d6f1f13340,Mr./Mrs. Quartey,101
1101,p.sarkodie102,a3a217d6f1f13859,Mr./Mrs. Sarkodie,102
1102,p.darko103,a3a216d6f1f136a6,Mr./Mrs. Darko,103
1103,p.obeng104,a3a219d6f1f13bbf,Mr./Mrs. Obeng,104
1104,p.sarpong105,a3a218d6f1f13a0c,Mr./Mrs. Sarpong,105
1105,p.frimpong106,a3a21bd6f1f13f25,Mr./Mrs. Frimpong,106
1106,p.rockson107,a3a21ad6f1f13d72,Mr./Mrs. Rockson,107
1107,p.quartey108,a3a21dd6f1f1428b,Mr./Mrs. Quartey,108
1108,p.amoah109,a3a21cd6f1f140d8,Mr./Mrs. Amoah,109
1109,p.sarpong110,a39eafd6f1ee51ca,Mr./Mrs. Sarpong,110
1110,p.rockson111,a39eb0d6f1ee537d,Mr./Mrs. Rockson,111
1111,p.darko112,a39eadd6f1ee4e64,Mr./Mrs. Darko,112
1112,p.mensah113,a39eaed6f1ee5017,Mr./Mrs. Mensah,113
1113,p.sarpong114,a39eabd6f1ee4afe,Mr./Mrs. Sarpong,114
1114,p.poku115,a39eacd6f1ee4cb1,Mr./Mrs. Poku,115
1115,p.twum116,a39ea9d6f1ee4798,Mr./Mrs. Twum,116
1116,p.obeng117,a39eaad6f1ee494b,Mr./Mrs. Obeng,117
1117,p.osei118,a39ea7d6f1ee4432,Mr./Mrs. Osei,118
1118,p.nkrumah119,a39ea8d6f1ee45e5,Mr./Mrs. Nkrumah,119
1119,p.sarkodie120,a39ba9d6f1ec11c1,Mr./Mrs. Sarkodie,120
1120,p.quartey121,a39ba8d6f1ec100e,Mr./Mrs. Quartey,121
1121,p.yeboah122,a39ba7d6f1ec0e5b,Mr./Mrs. Yeboah,122
1122,p.frimpong123,a39ba6d6f1ec0ca8,Mr./Mrs. Frimpong,123
1123,p.quaye124,a39badd6f1ec188d,Mr./Mrs. Quaye,124
1124,p.ofori125,a39bacd6f1ec16da,Mr./Mrs. Ofori,125
1125,p.ofori126,a39babd6f1ec1527,Mr./Mrs. Ofori,126
1126,p.twum127,a39baad6f1ec1374,Mr./Mrs. Twum,127
1127,p.osei128,a39ba1d6f1ec0429,Mr./Mrs. Osei,128
1128,p.adjei129,a39ba0d6f1ec0276,Mr./Mrs. Adjei,129
1129,p.tetteh130,a39823d6f1e8f838,Mr./Mrs. Tetteh,130
1130,p.tetteh131,a39824d6f1e8f9eb,Mr./Mrs. Tetteh,131
1131,p.sarpong132,a39825d6f1e8fb9e,Mr./Mrs. Sarpong,132
1132,p.owusu133,a39826d6f1e8fd51,Mr./Mrs. Owusu,133
1133,p.asante134,a39827d6f1e8ff04,Mr./Mrs. Asante,134
1134,p.adjei135,a39828d6f1e900b7,Mr./Mrs. Adjei,135
1135,p.gyasi136,a39829d6f1e9026a,Mr./Mrs. Gyasi,136
1136,p.quaye137,a3982ad6f1e9041d,Mr./Mrs. Quaye,137
1137,p.gyasi138,a3981bd6f1e8eaa0,Mr./Mrs. Gyasi,138
1138,p.acheampong139,a3981cd6f1e8ec53,Mr./Mrs. Acheampong,139
1139,p.agyeman140,a3afadd6f1fcc197,Mr./Mrs. Agyeman,140
1140,p.danso141,a3afacd6f1fcbfe4,Mr./Mrs. Danso,141
1141,p.gyasi142,a3afafd6f1fcc4fd,Mr./Mrs. Gyasi,142
1142,p.mensah143,a3afaed6f1fcc34a,Mr./Mrs. Mensah,143
1143,p.darko144,a3afa9d6f1fcbacb,Mr./Mrs. Darko,144
1144,p.quaye145,a3afa8d6f1fcb918,Mr./Mrs. Quaye,145
1145,p.acheampong146,a3afabd6f1fcbe31,Mr./Mrs. Acheampong,146
1146,p.tetteh147,a3afaad6f1fcbc7e,Mr./Mrs. Tetteh,147
1147,p.manu148,a3afa5d6f1fcb3ff,Mr./Mrs. Manu,148
1148,p.osei149,a3afa4d6f1fcb24c,Mr./Mrs. Osei,149
1149,p.danso150,a3aca7d6f1fa818e,Mr./Mrs. Danso,150
1150,p.mensah151,a3aca8d6f1fa8341,Mr./Mrs. Mensah,151
1151,p.darko152,a3aca5d6f1fa7e28,Mr./Mrs. Darko,152
1152,p.acheampong153,a3aca6d6f1fa7fdb,Mr./Mrs. Acheampong,153
1153,p.darko154,a3acabd6f1fa885a,Mr./Mrs. Darko,154
1154,p.appiah155,a3acacd6f1fa8a0d,Mr./Mrs. Appiah,155
1155,p.bonsu156,a3aca9d6f1fa84f4,Mr./Mrs. Bonsu,156
1156,p.quaye157,a3acaad6f1fa86a7,Mr./Mrs. Quaye,157
1157,p.quaye158,a3ac9fd6f1fa73f6,Mr./Mrs. Quaye,158
1158,p.acheampong159,a3aca0d6f1fa75a9,Mr./Mrs. Acheampong,159
1159,p.ofori160,a3a921d6f1f76805,Mr./Mrs. Ofori,160
1160,p.quartey161,a3a920d6f1f76652,Mr./Mrs. Quartey,161
1161,p.asante162,a3a91fd6f1f7649f,Mr./Mrs. Asante,162
1162,p.kumi163,a3a91ed6f1f762ec,Mr./Mrs. Kumi,163
1163,p.acheampong164,a3a91dd6f1f76139,Mr./Mrs. Acheampong,164
1164,p.rockson165,a3a91cd6f1f75f86,Mr./Mrs. Rockson,165
1165,p.quartey166,a3a91bd6f1f75dd3,Mr./Mrs. Quartey,166
1166,p.mensah167,a3a91ad6f1f75c20,Mr./Mrs. Mensah,167
1167,p.asante168,a3a929d6f1f7759d,Mr./Mrs. Asante,168
1168,p.appiah169,a3a928d6f1f773ea,Mr./Mrs. Appiah,169
1169,p.agyeman170,a3a59bd6f1f44e7c,Mr./Mrs. Agyeman,170
1170,p.danso171,a3a59cd6f1f4502f,Mr./Mrs. Danso,171
1171,p.asante172,a3a59dd6f1f451e2,Mr./Mrs. Asante,172
1172,p.darko173,a3a59ed6f1f45395,Mr./Mrs. Darko,173
1173,p.poku174,a3a597d6f1f447b0,Mr./Mrs. Poku,174
1174,p.osei175,a3a598d6f1f44963,Mr./Mrs. Osei,175
1175,p.poku176,a3a599d6f1f44b16,Mr./Mrs. Poku,176
1176,p.asare177,a3a59ad6f1f44cc9,Mr./Mrs. Asare,177
1177,p.poku178,a3a5a3d6f1f45c14,Mr./Mrs. Poku,178
1178,p.sarpong179,a3a5a4d6f1f45dc7,Mr./Mrs. Sarpong,179
1179,p.osei180,a38725d6f1da886b,Mr./Mrs. Osei,180
1180,p.nkrumah181,a38724d6f1da86b8,Mr./Mrs. Nkrumah,181
1181,p.twum182,a38727d6f1da8bd1,Mr./Mrs. Twum,182
1182,p.frimpong183,a38726d6f1da8a1e,Mr./Mrs. Frimpong,183
1183,p.larbi184,a38729d6f1da8f37,Mr./Mrs. Larbi,184
1184,p.antwi185,a38728d6f1da8d84,Mr./Mrs. Antwi,185
1185,p.boateng186,a3872bd6f1da929d,Mr./Mrs. Boateng,186
1186,p.kumi187,a3872ad6f1da90ea,Mr./Mrs. Kumi,187
1187,p.amoah188,a3871dd6f1da7ad3,Mr./Mrs. Amoah,188
1188,p.obeng189,a3871cd6f1da7920,Mr./Mrs. Obeng,189
1189,p.kumi190,a3839fd6f1d76ee2,Mr./Mrs. Kumi,190
1190,p.owusu191,a383a0d6f1d77095,Mr./Mrs. Owusu,191
1191,p.asare192,a3839dd6f1d76b7c,Mr./Mrs. Asare,192
1192,p.acheampong193,a3839ed6f1d76d2f,Mr./Mrs. Acheampong,193
1193,p.darko194,a3839bd6f1d76816,Mr./Mrs. Darko,194
1194,p.quartey195,a3839cd6f1d769c9,Mr./Mrs. Quartey,195
1195,p.gyasi196,a38399d6f1d764b0,Mr./Mrs. Gyasi,196
1196,p.owusu197,a3839ad6f1d76663,Mr./Mrs. Owusu,197
1197,p.frimpong198,a383a7d6f1d77c7a,Mr./Mrs. Frimpong,198
1198,p.asante199,a383a8d6f1d77e2d,Mr./Mrs. Asante,199
1199,p.mensah200,acb850d6f73598be,Mr./Mrs. Mensah,200
1200,p.frimpong201,acb851d6f7359a71,Mr./Mrs. Frimpong,201
1201,p.tetteh202,acb84ed6f7359558,Mr./Mrs. Tetteh,202
1202,p.kumi203,acb84fd6f735970b,Mr./Mrs. Kumi,203
1203,p.gyasi204,acb854d6f7359f8a,Mr./Mrs. Gyasi,204
1204,p.owusu205,acb855d6f735a13d,Mr./Mrs. Owusu,205
1205,p.danso206,acb852d6f7359c24,Mr./Mrs. Danso,206
1206,p.poku207,acb853d6f7359dd7,Mr./Mrs. Poku,207
1207,p.obeng208,acb848d6f7358b26,Mr./Mrs. Obeng,208
1208,p.agyeman209,acb849d6f7358cd9,Mr./Mrs. Agyeman,209
1209,p.poku210,acbbd6d6f738b247,Mr./Mrs. Poku,210
1210,p.nkrumah211,acbbd5d6f738b094,Mr./Mrs. Nkrumah,211
1211,p.asare212,acbbd8d6f738b5ad,Mr./Mrs. Asare,212
1212,p.danso213,acbbd7d6f738b3fa,Mr./Mrs. Danso,213
1213,p.mensah214,acbbd2d6f738ab7b,Mr./Mrs. Mensah,214
1214,p.bonsu215,acbbd1d6f738a9c8,Mr./Mrs. Bonsu,215
1215,p.gyasi216,acbbd4d6f738aee1,Mr./Mrs. Gyasi,216
1216,p.rockson217,acbbd3d6f738ad2e,Mr./Mrs. Rockson,217
1217,p.quaye218,acbbced6f738a4af,Mr./Mrs. Quaye,218
1218,p.twum219,acbbcdd6f738a2fc,Mr./Mrs. Twum,219
1219,p.adjei220,acb1c4d6f7303f2c,Mr./Mrs. Adjei,220
1220,p.kumi221,acb1c5d6f73040df,Mr./Mrs. Kumi,221
1221,p.danso222,acb1c6d6f7304292,Mr./Mrs. Danso,222
1222,p.boateng223,acb1c7d6f7304445,Mr./Mrs. Boateng,223
1223,p.sarpong224,acb1c0d6f7303860,Mr./Mrs. Sarpong,224
1224,p.tetteh225,acb1c1d6f7303a13,Mr./Mrs. Tetteh,225
1225,p.frimpong226,acb1c2d6f7303bc6,Mr./Mrs. Frimpong,226
1226,p.yeboah227,acb1c3d6f7303d79,Mr./Mrs. Yeboah,227
1227,p.sarpong228,acb1ccd6f7304cc4,Mr./Mrs. Sarpong,228
1228,p.asare229,acb1cdd6f7304e77,Mr./Mrs. Asare,229
1229,p.sarkodie230,acb54ad6f73358b5,Mr./Mrs. Sarkodie,230
1230,p.sarpong231,acb549d6f7335702,Mr./Mrs. Sarpong,231
1231,p.sarkodie232,acb548d6f733554f,Mr./Mrs. Sarkodie,232
1232,p.sarkodie233,acb547d6f733539c,Mr./Mrs. Sarkodie,233
1233,p.quartey234,acb546d6f73351e9,Mr./Mrs. Quartey,234
1234,p.rockson235,acb545d6f7335036,Mr./Mrs. Rockson,235
1235,p.twum236,acb544d6f7334e83,Mr./Mrs. Twum,236
1236,p.acheampong237,acb543d6f7334cd0,Mr./Mrs. Acheampong,237
1237,p.amoah238,acb552d6f733664d,Mr./Mrs. Amoah,238
1238,p.yeboah239,acb551d6f733649a,Mr./Mrs. Yeboah,239
1239,p.sarpong240,acaad8d6f72a427a,Mr./Mrs. Sarpong,240
1240,p.rockson241,acaad9d6f72a442d,Mr./Mrs. Rockson,241
